<?xml version="1.0" encoding="UTF-8"?>
<project xmlns="http://www.netbeans.org/ns/project/1">
    <type>com.microchip.mplab.nbide.embedded.makeproject</type>
    <configuration>
        <data xmlns="http://www.netbeans.org/ns/make-project/1">
            <name>SAM_IOT_WINC_PROV_MSFT</name>
            <creation-uuid>a037ace4-8612-4a78-8520-f4189627c748</creation-uuid>
            <make-project-type>0</make-project-type>
            <c-extensions>c</c-extensions>
            <cpp-extensions/>
            <header-extensions>h</header-extensions>
            <asminc-extensions/>
            <sourceEncoding>UTF-8</sourceEncoding>
            <make-dep-projects/>
            <sourceRootList>
                <sourceRootElem>samd21a/gcc/gcc</sourceRootElem>
                <sourceRootElem>hal/src</sourceRootElem>
                <sourceRootElem>hpl/rtc</sourceRootElem>
            </sourceRootList>
            <confList>
                <confElem>
                    <name>Default</name>
                    <type>2</type>
                </confElem>
            </confList>
            <formatting>
                <project-formatting-style>false</project-formatting-style>
            </formatting>
        </data>
    </configuration>
</project>
