<?xml version="1.0" encoding="UTF-8"?>
<project-private xmlns="http://www.netbeans.org/ns/project-private/1">
    <editor-bookmarks xmlns="http://www.netbeans.org/ns/editor-bookmarks/2" lastBookmarkId="0"/>
    <open-files xmlns="http://www.netbeans.org/ns/projectui-open-files/2">
        <group>
            <file>file:/Users/c11876/____Projects/__MASTERS2020/SAM_IOT_WINC_PROV%20Microcsoft/SAM_IOT_WINC_PROV.X/cert_def_2_device.c</file>
            <file>file:/Users/c11876/____Projects/__MASTERS2020/SAM_IOT_WINC_PROV%20Microcsoft/SAM_IOT_WINC_PROV.X/cert_def_1_signer.c</file>
            <file>file:/Users/c11876/____Projects/__MASTERS2020/SAM_IOT_WINC_PROV%20Microcsoft/SAM_IOT_WINC_PROV.X/cert_def_2_device.h</file>
            <file>file:/Users/c11876/____Projects/__MASTERS2020/SAM_IOT_WINC_PROV%20Microcsoft/SAM_IOT_WINC_PROV.X/main.c</file>
            <file>file:/Users/c11876/____Projects/__MASTERS2020/SAM_IOT_WINC_PROV%20Microcsoft/SAM_IOT_WINC_PROV.X/cert_def_3_device_csr.c</file>
            <file>file:/Users/c11876/____Projects/__MASTERS2020/SAM_IOT_WINC_PROV%20Microcsoft/SAM_IOT_WINC_PROV.X/winc_certs_functions.c</file>
            <file>file:/Users/c11876/____Projects/__MASTERS2020/SAM_IOT_WINC_PROV%20Microcsoft/SAM_IOT_WINC_PROV.X/cert_def_4_device.h</file>
            <file>file:/Users/c11876/____Projects/__MASTERS2020/SAM_IOT_WINC_PROV%20Microcsoft/SAM_IOT_WINC_PROV.X/winc_certs_functions.h</file>
            <file>file:/Users/c11876/____Projects/__MASTERS2020/SAM_IOT_WINC_PROV%20Microcsoft/SAM_IOT_WINC_PROV.X/cert_def_3_device_csr.h</file>
            <file>file:/Users/c11876/____Projects/__MASTERS2020/SAM_IOT_WINC_PROV%20Microcsoft/SAM_IOT_WINC_PROV.X/cert_def_4_signer.h</file>
            <file>file:/Users/c11876/____Projects/__MASTERS2020/SAM_IOT_WINC_PROV%20Microcsoft/SAM_IOT_WINC_PROV.X/cert_def_1_signer.h</file>
            <file>file:/Users/c11876/____Projects/__MASTERS2020/SAM_IOT_WINC_PROV%20Microcsoft/SAM_IOT_WINC_PROV.X/cryptoauthlib/lib/atcacert/atcacert_def.h</file>
            <file>file:/Users/c11876/____Projects/__MASTERS2020/SAM_IOT_WINC_PROV%20Microcsoft/SAM_IOT_WINC_PROV.X/cryptoauthlib/lib/atcacert/atcacert_client.c</file>
        </group>
    </open-files>
</project-private>
